year,region,type,value,serial,type
1999,Beijing,Gross Product,2678.82,28,4
1999,Tianjin,Gross Product,1500.95,30,4
1999,Hebei,Gross Product,4514.19,6,2
1999,Shanxi,Gross Product,1667.1,14,3
1999,Inner Mongolia,Gross Product,1379.31,1,1
1999,Liaoning,Gross Product,4171.69,7,2
1999,Jilin,Gross Product,1672.96,15,3
1999,Heilongjiang,Gross Product,2866.3,16,3
1999,Shanghai,Gross Product,4188.73,29,4
1999,Jiangsu,Gross Product,7697.82,8,2
1999,Zhejiang,Gross Product,5443.92,9,2
1999,Anhui,Gross Product,2712.34,17,3
1999,Fujian,Gross Product,3414.19,10,2
1999,Jiangxi,Gross Product,1853.65,18,3
1999,Shandong,Gross Product,7493.84,11,2
1999,Henan,Gross Product,4517.94,19,3
1999,Hubei,Gross Product,3229.29,20,3
1999,Hunan,Gross Product,3214.54,21,3
1999,Guangdong,Gross Product,9250.68,12,2
1999,Guangxi,Gross Product,1971.41,2,1
1999,Hainan,Gross Product,476.67,13,2
1999,Chongqing,Gross Product,1663.2,31,4
1999,Sichuan,Gross Product,3649.12,22,3
1999,Guizhou,Gross Product,937.5,23,3
1999,Yunnan,Gross Product,1899.82,24,3
1999,Tibet,Gross Product,105.98,5,1
1999,Shaanxi,Gross Product,1592.64,25,3
1999,Gansu,Gross Product,956.32,26,3
1999,Qinghai,Gross Product,239.38,27,3
1999,Ningxia,Gross Product,264.58,3,1
1999,Xinjiang,Gross Product,1163.17,4,1
1999,Beijing,Retail Sales,1313.3,28,4
1999,Tianjin,Retail Sales,657.3,30,4
1999,Hebei,Retail Sales,1458.8,6,2
1999,Shanxi,Retail Sales,587.1,14,3
1999,Inner Mongolia,Retail Sales,437.4,1,1
1999,Liaoning,Retail Sales,1696.1,7,2
1999,Jilin,Retail Sales,734,15,3
1999,Heilongjiang,Retail Sales,1016.2,16,3
1999,Shanghai,Retail Sales,1590.4,29,4
1999,Jiangsu,Retail Sales,2394.1,8,2
1999,Zhejiang,Retail Sales,2075.8,9,2
1999,Anhui,Retail Sales,979.1,17,3
1999,Fujian,Retail Sales,1246.3,10,2
1999,Jiangxi,Retail Sales,650.5,18,3
1999,Shandong,Retail Sales,2310.1,11,2
1999,Henan,Retail Sales,1616,19,3
1999,Hubei,Retail Sales,1617.1,20,3
1999,Hunan,Retail Sales,1229.2,21,3
1999,Guangdong,Retail Sales,3656,12,2
1999,Guangxi,Retail Sales,791.3,2,1
1999,Hainan,Retail Sales,157.7,13,2
1999,Chongqing,Retail Sales,596.3,31,4
1999,Sichuan,Retail Sales,1382.6,22,3
1999,Guizhou,Retail Sales,313.8,23,3
1999,Yunnan,Retail Sales,539,24,3
1999,Tibet,Retail Sales,37.9,5,1
1999,Shaanxi,Retail Sales,557,25,3
1999,Gansu,Retail Sales,331.6,26,3
1999,Qinghai,Retail Sales,75.2,27,3
1999,Ningxia,Retail Sales,82.7,3,1
1999,Xinjiang,Retail Sales,347.4,4,1
2000,Beijing,Gross Product,3161.66,28,4
2000,Tianjin,Gross Product,1701.88,30,4
2000,Hebei,Gross Product,5043.96,6,2
2000,Shanxi,Gross Product,1845.72,14,3
2000,Inner Mongolia,Gross Product,1539.12,1,1
2000,Liaoning,Gross Product,4669.06,7,2
2000,Jilin,Gross Product,1951.51,15,3
2000,Heilongjiang,Gross Product,3151.4,16,3
2000,Shanghai,Gross Product,4771.17,29,4
2000,Jiangsu,Gross Product,8553.69,8,2
2000,Zhejiang,Gross Product,6141.03,9,2
2000,Anhui,Gross Product,2902.09,17,3
2000,Fujian,Gross Product,3764.54,10,2
2000,Jiangxi,Gross Product,2003.07,18,3
2000,Shandong,Gross Product,8337.47,11,2
2000,Henan,Gross Product,5052.99,19,3
2000,Hubei,Gross Product,3545.39,20,3
2000,Hunan,Gross Product,3551.49,21,3
2000,Guangdong,Gross Product,10741.25,12,2
2000,Guangxi,Gross Product,2080.04,2,1
2000,Hainan,Gross Product,526.82,13,2
2000,Chongqing,Gross Product,1791,31,4
2000,Sichuan,Gross Product,3928.2,22,3
2000,Guizhou,Gross Product,1029.92,23,3
2000,Yunnan,Gross Product,2011.19,24,3
2000,Tibet,Gross Product,117.8,5,1
2000,Shaanxi,Gross Product,1804,25,3
2000,Gansu,Gross Product,1052.88,26,3
2000,Qinghai,Gross Product,263.68,27,3
2000,Ningxia,Gross Product,295.02,3,1
2000,Xinjiang,Gross Product,1363.56,4,1
2000,Beijing,Retail Sales,1443.3,28,4
2000,Tianjin,Retail Sales,736.6,30,4
2000,Hebei,Retail Sales,1613.9,6,2
2000,Shanxi,Retail Sales,629.1,14,3
2000,Inner Mongolia,Retail Sales,484,1,1
2000,Liaoning,Retail Sales,1847.6,7,2
2000,Jilin,Retail Sales,810.9,15,3
2000,Heilongjiang,Retail Sales,1094,16,3
2000,Shanghai,Retail Sales,1722.3,29,4
2000,Jiangsu,Retail Sales,2604.1,8,2
2000,Zhejiang,Retail Sales,2298.8,9,2
2000,Anhui,Retail Sales,1054.3,17,3
2000,Fujian,Retail Sales,1372.8,10,2
2000,Jiangxi,Retail Sales,704.9,18,3
2000,Shandong,Retail Sales,2545.9,11,2
2000,Henan,Retail Sales,1786.7,19,3
2000,Hubei,Retail Sales,1789.4,20,3
2000,Hunan,Retail Sales,1364.7,21,3
2000,Guangdong,Retail Sales,4071.9,12,2
2000,Guangxi,Retail Sales,859.2,2,1
2000,Hainan,Retail Sales,172.5,13,2
2000,Chongqing,Retail Sales,643.4,31,4
2000,Sichuan,Retail Sales,1523.7,22,3
2000,Guizhou,Retail Sales,343.7,23,3
2000,Yunnan,Retail Sales,583.2,24,3
2000,Tibet,Retail Sales,42.9,5,1
2000,Shaanxi,Retail Sales,607.6,25,3
2000,Gansu,Retail Sales,362.7,26,3
2000,Qinghai,Retail Sales,82.1,27,3
2000,Ningxia,Retail Sales,90.2,3,1
2000,Xinjiang,Retail Sales,374.5,4,1
2001,Beijing,Gross Product,3707.96,28,4
2001,Tianjin,Gross Product,1919.09,30,4
2001,Hebei,Gross Product,5516.76,6,2
2001,Shanxi,Gross Product,2029.53,14,3
2001,Inner Mongolia,Gross Product,1713.81,1,1
2001,Liaoning,Gross Product,5033.08,7,2
2001,Jilin,Gross Product,2120.35,15,3
2001,Heilongjiang,Gross Product,3390.1,16,3
2001,Shanghai,Gross Product,5210.12,29,4
2001,Jiangsu,Gross Product,9456.84,8,2
2001,Zhejiang,Gross Product,6898.34,9,2
2001,Anhui,Gross Product,3246.71,17,3
2001,Fujian,Gross Product,4072.85,10,2
2001,Jiangxi,Gross Product,2175.68,18,3
2001,Shandong,Gross Product,9195.04,11,2
2001,Henan,Gross Product,5533.01,19,3
2001,Hubei,Gross Product,3880.53,20,3
2001,Hunan,Gross Product,3831.9,21,3
2001,Guangdong,Gross Product,12039.25,12,2
2001,Guangxi,Gross Product,2279.34,2,1
2001,Hainan,Gross Product,579.17,13,2
2001,Chongqing,Gross Product,1976.86,31,4
2001,Sichuan,Gross Product,4293.49,22,3
2001,Guizhou,Gross Product,1133.27,23,3
2001,Yunnan,Gross Product,2138.31,24,3
2001,Tibet,Gross Product,139.16,5,1
2001,Shaanxi,Gross Product,2010.62,25,3
2001,Gansu,Gross Product,1125.37,26,3
2001,Qinghai,Gross Product,300.13,27,3
2001,Ningxia,Gross Product,337.44,3,1
2001,Xinjiang,Gross Product,1491.6,4,1
2001,Beijing,Retail Sales,1593.5,28,4
2001,Tianjin,Retail Sales,832.7,30,4
2001,Hebei,Retail Sales,1778.3,6,2
2001,Shanxi,Retail Sales,679.9,14,3
2001,Inner Mongolia,Retail Sales,537.3,1,1
2001,Liaoning,Retail Sales,2034.9,7,2
2001,Jilin,Retail Sales,909.1,15,3
2001,Heilongjiang,Retail Sales,1198.9,16,3
2001,Shanghai,Retail Sales,1861.3,29,4
2001,Jiangsu,Retail Sales,2869,8,2
2001,Zhejiang,Retail Sales,2555.5,9,2
2001,Anhui,Retail Sales,1142.8,17,3
2001,Fujian,Retail Sales,1499.5,10,2
2001,Jiangxi,Retail Sales,763.3,18,3
2001,Shandong,Retail Sales,2834.9,11,2
2001,Henan,Retail Sales,1979.8,19,3
2001,Hubei,Retail Sales,1975.2,20,3
2001,Hunan,Retail Sales,1511.1,21,3
2001,Guangdong,Retail Sales,4515.3,12,2
2001,Guangxi,Retail Sales,935.9,2,1
2001,Hainan,Retail Sales,187.5,13,2
2001,Chongqing,Retail Sales,699.3,31,4
2001,Sichuan,Retail Sales,1680.4,22,3
2001,Guizhou,Retail Sales,378,23,3
2001,Yunnan,Retail Sales,655.4,24,3
2001,Tibet,Retail Sales,49,5,1
2001,Shaanxi,Retail Sales,665.1,25,3
2001,Gansu,Retail Sales,395.4,26,3
2001,Qinghai,Retail Sales,90.4,27,3
2001,Ningxia,Retail Sales,98.9,3,1
2001,Xinjiang,Retail Sales,406.3,4,1
2002,Beijing,Gross Product,4315,28,4
2002,Tianjin,Gross Product,2150.76,30,4
2002,Hebei,Gross Product,6018.28,6,2
2002,Shanxi,Gross Product,2324.8,14,3
2002,Inner Mongolia,Gross Product,1940.94,1,1
2002,Liaoning,Gross Product,5458.22,7,2
2002,Jilin,Gross Product,2348.54,15,3
2002,Heilongjiang,Gross Product,3637.2,16,3
2002,Shanghai,Gross Product,5741.03,29,4
2002,Jiangsu,Gross Product,10606.85,8,2
2002,Zhejiang,Gross Product,8003.67,9,2
2002,Anhui,Gross Product,3519.72,17,3
2002,Fujian,Gross Product,4467.55,10,2
2002,Jiangxi,Gross Product,2450.48,18,3
2002,Shandong,Gross Product,10275.5,11,2
2002,Henan,Gross Product,6035.48,19,3
2002,Hubei,Gross Product,4212.82,20,3
2002,Hunan,Gross Product,4151.54,21,3
2002,Guangdong,Gross Product,13502.42,12,2
2002,Guangxi,Gross Product,2523.73,2,1
2002,Hainan,Gross Product,642.73,13,2
2002,Chongqing,Gross Product,2232.86,31,4
2002,Sichuan,Gross Product,4725.01,22,3
2002,Guizhou,Gross Product,1243.43,23,3
2002,Yunnan,Gross Product,2312.82,24,3
2002,Tibet,Gross Product,162.04,5,1
2002,Shaanxi,Gross Product,2253.39,25,3
2002,Gansu,Gross Product,1232.03,26,3
2002,Qinghai,Gross Product,340.65,27,3
2002,Ningxia,Gross Product,377.16,3,1
2002,Xinjiang,Gross Product,1612.65,4,1
2002,Beijing,Retail Sales,1744.8,28,4
2002,Tianjin,Retail Sales,941.4,30,4
2002,Hebei,Retail Sales,1968.3,6,2
2002,Shanxi,Retail Sales,755.4,14,3
2002,Inner Mongolia,Retail Sales,606,1,1
2002,Liaoning,Retail Sales,2258.4,7,2
2002,Jilin,Retail Sales,1008.1,15,3
2002,Heilongjiang,Retail Sales,1320,16,3
2002,Shanghai,Retail Sales,2035.2,29,4
2002,Jiangsu,Retail Sales,3215.8,8,2
2002,Zhejiang,Retail Sales,2877.5,9,2
2002,Anhui,Retail Sales,1228.7,17,3
2002,Fujian,Retail Sales,1663.3,10,2
2002,Jiangxi,Retail Sales,832.7,18,3
2002,Shandong,Retail Sales,3181.9,11,2
2002,Henan,Retail Sales,2189.8,19,3
2002,Hubei,Retail Sales,2198.4,20,3
2002,Hunan,Retail Sales,1678.9,21,3
2002,Guangdong,Retail Sales,5013.6,12,2
2002,Guangxi,Retail Sales,1025.5,2,1
2002,Hainan,Retail Sales,204.4,13,2
2002,Chongqing,Retail Sales,763.1,31,4
2002,Sichuan,Retail Sales,1850.1,22,3
2002,Guizhou,Retail Sales,416.2,23,3
2002,Yunnan,Retail Sales,711.3,24,3
2002,Tibet,Retail Sales,53.2,5,1
2002,Shaanxi,Retail Sales,728.2,25,3
2002,Gansu,Retail Sales,433.5,26,3
2002,Qinghai,Retail Sales,101,27,3
2002,Ningxia,Retail Sales,108.8,3,1
2002,Xinjiang,Retail Sales,442.9,4,1
2003,Beijing,Gross Product,5007.21,28,4
2003,Tianjin,Gross Product,2578.03,30,4
2003,Hebei,Gross Product,6921.29,6,2
2003,Shanxi,Gross Product,2855.23,14,3
2003,Inner Mongolia,Gross Product,2388.38,1,1
2003,Liaoning,Gross Product,6002.54,7,2
2003,Jilin,Gross Product,2662.08,15,3
2003,Heilongjiang,Gross Product,4057.4,16,3
2003,Shanghai,Gross Product,6694.23,29,4
2003,Jiangsu,Gross Product,12442.87,8,2
2003,Zhejiang,Gross Product,9705.02,9,2
2003,Anhui,Gross Product,3923.11,17,3
2003,Fujian,Gross Product,4983.67,10,2
2003,Jiangxi,Gross Product,2807.41,18,3
2003,Shandong,Gross Product,12078.15,11,2
2003,Henan,Gross Product,6867.7,19,3
2003,Hubei,Gross Product,4757.45,20,3
2003,Hunan,Gross Product,4659.99,21,3
2003,Guangdong,Gross Product,15844.64,12,2
2003,Guangxi,Gross Product,2821.11,2,1
2003,Hainan,Gross Product,713.96,13,2
2003,Chongqing,Gross Product,2555.72,31,4
2003,Sichuan,Gross Product,5333.09,22,3
2003,Guizhou,Gross Product,1426.34,23,3
2003,Yunnan,Gross Product,2556.02,24,3
2003,Tibet,Gross Product,185.09,5,1
2003,Shaanxi,Gross Product,2587.72,25,3
2003,Gansu,Gross Product,1399.83,26,3
2003,Qinghai,Gross Product,390.2,27,3
2003,Ningxia,Gross Product,445.36,3,1
2003,Xinjiang,Gross Product,1886.35,4,1
2003,Beijing,Retail Sales,1916.7,28,4
2003,Tianjin,Retail Sales,922.3,30,4
2003,Hebei,Retail Sales,2177.9,6,2
2003,Shanxi,Retail Sales,729.3,14,3
2003,Inner Mongolia,Retail Sales,726.8,1,1
2003,Liaoning,Retail Sales,2330.8,7,2
2003,Jilin,Retail Sales,1110.3,15,3
2003,Heilongjiang,Retail Sales,1376.5,16,3
2003,Shanghai,Retail Sales,2220.6,29,4
2003,Jiangsu,Retail Sales,3566.5,8,2
2003,Zhejiang,Retail Sales,3157.1,9,2
2003,Anhui,Retail Sales,1331.2,17,3
2003,Fujian,Retail Sales,1740.4,10,2
2003,Jiangxi,Retail Sales,923.2,18,3
2003,Shandong,Retail Sales,3936.5,11,2
2003,Henan,Retail Sales,2426.4,19,3
2003,Hubei,Retail Sales,2358.7,20,3
2003,Hunan,Retail Sales,1816.3,21,3
2003,Guangdong,Retail Sales,5606,12,2
2003,Guangxi,Retail Sales,857.7,2,1
2003,Hainan,Retail Sales,191.6,13,2
2003,Chongqing,Retail Sales,835.5,31,4
2003,Sichuan,Retail Sales,2091.1,22,3
2003,Guizhou,Retail Sales,458.8,23,3
2003,Yunnan,Retail Sales,782.5,24,3
2003,Tibet,Retail Sales,58.3,5,1
2003,Shaanxi,Retail Sales,853.2,25,3
2003,Gansu,Retail Sales,474.6,26,3
2003,Qinghai,Retail Sales,102.7,27,3
2003,Ningxia,Retail Sales,120.8,3,1
2003,Xinjiang,Retail Sales,421.2,4,1
2004,Beijing,Gross Product,6033.21,28,4
2004,Tianjin,Gross Product,3110.97,30,4
2004,Hebei,Gross Product,8477.63,6,2
2004,Shanxi,Gross Product,3571.37,14,3
2004,Inner Mongolia,Gross Product,3041.07,1,1
2004,Liaoning,Gross Product,6672,7,2
2004,Jilin,Gross Product,3122.01,15,3
2004,Heilongjiang,Gross Product,4750.6,16,3
2004,Shanghai,Gross Product,8072.83,29,4
2004,Jiangsu,Gross Product,15003.6,8,2
2004,Zhejiang,Gross Product,11648.7,9,2
2004,Anhui,Gross Product,4759.3,17,3
2004,Fujian,Gross Product,5763.35,10,2
2004,Jiangxi,Gross Product,3456.7,18,3
2004,Shandong,Gross Product,15021.84,11,2
2004,Henan,Gross Product,8553.79,19,3
2004,Hubei,Gross Product,5633.24,20,3
2004,Hunan,Gross Product,5641.94,21,3
2004,Guangdong,Gross Product,18864.62,12,2
2004,Guangxi,Gross Product,3433.5,2,1
2004,Hainan,Gross Product,819.66,13,2
2004,Chongqing,Gross Product,3034.58,31,4
2004,Sichuan,Gross Product,6379.63,22,3
2004,Guizhou,Gross Product,1677.8,23,3
2004,Yunnan,Gross Product,3081.91,24,3
2004,Tibet,Gross Product,220.34,5,1
2004,Shaanxi,Gross Product,3175.58,25,3
2004,Gansu,Gross Product,1688.49,26,3
2004,Qinghai,Gross Product,466.1,27,3
2004,Ningxia,Gross Product,537.11,3,1
2004,Xinjiang,Gross Product,2209.09,4,1
2004,Beijing,Retail Sales,2191.8,28,4
2004,Tianjin,Retail Sales,1052.7,30,4
2004,Hebei,Retail Sales,2522.9,6,2
2004,Shanxi,Retail Sales,884.8,14,3
2004,Inner Mongolia,Retail Sales,892,1,1
2004,Liaoning,Retail Sales,2642.8,7,2
2004,Jilin,Retail Sales,1252.6,15,3
2004,Heilongjiang,Retail Sales,1555.4,16,3
2004,Shanghai,Retail Sales,2454.6,29,4
2004,Jiangsu,Retail Sales,4159.7,8,2
2004,Zhejiang,Retail Sales,3645.4,9,2
2004,Anhui,Retail Sales,1503.1,17,3
2004,Fujian,Retail Sales,1995.8,10,2
2004,Jiangxi,Retail Sales,1059.9,18,3
2004,Shandong,Retail Sales,4483.4,11,2
2004,Henan,Retail Sales,2808.2,19,3
2004,Hubei,Retail Sales,2667.5,20,3
2004,Hunan,Retail Sales,2069.8,21,3
2004,Guangdong,Retail Sales,6370.4,12,2
2004,Guangxi,Retail Sales,973.4,2,1
2004,Hainan,Retail Sales,220.2,13,2
2004,Chongqing,Retail Sales,955,31,4
2004,Sichuan,Retail Sales,2384,22,3
2004,Guizhou,Retail Sales,517.6,23,3
2004,Yunnan,Retail Sales,884.9,24,3
2004,Tibet,Retail Sales,63.7,5,1
2004,Shaanxi,Retail Sales,966.5,25,3
2004,Gansu,Retail Sales,535.8,26,3
2004,Qinghai,Retail Sales,115.6,27,3
2004,Ningxia,Retail Sales,137.8,3,1
2004,Xinjiang,Retail Sales,482.1,4,1
2005,Beijing,Gross Product,6969.52,28,4
2005,Tianjin,Gross Product,3905.64,30,4
2005,Hebei,Gross Product,10012.11,6,2
2005,Shanxi,Gross Product,4230.53,14,3
2005,Inner Mongolia,Gross Product,3905.03,1,1
2005,Liaoning,Gross Product,8047.26,7,2
2005,Jilin,Gross Product,3620.27,15,3
2005,Heilongjiang,Gross Product,5513.7,16,3
2005,Shanghai,Gross Product,9247.66,29,4
2005,Jiangsu,Gross Product,18598.69,8,2
2005,Zhejiang,Gross Product,13417.68,9,2
2005,Anhui,Gross Product,5350.17,17,3
2005,Fujian,Gross Product,6554.69,10,2
2005,Jiangxi,Gross Product,4056.76,18,3
2005,Shandong,Gross Product,18366.87,11,2
2005,Henan,Gross Product,10587.42,19,3
2005,Hubei,Gross Product,6590.19,20,3
2005,Hunan,Gross Product,6596.1,21,3
2005,Guangdong,Gross Product,22557.37,12,2
2005,Guangxi,Gross Product,3984.1,2,1
2005,Hainan,Gross Product,918.75,13,2
2005,Chongqing,Gross Product,3467.72,31,4
2005,Sichuan,Gross Product,7385.1,22,3
2005,Guizhou,Gross Product,2005.42,23,3
2005,Yunnan,Gross Product,3462.73,24,3
2005,Tibet,Gross Product,248.8,5,1
2005,Shaanxi,Gross Product,3933.72,25,3
2005,Gansu,Gross Product,1933.98,26,3
2005,Qinghai,Gross Product,543.32,27,3
2005,Ningxia,Gross Product,612.61,3,1
2005,Xinjiang,Gross Product,2604.19,4,1
2005,Beijing,Retail Sales,2911.7,28,4
2005,Tianjin,Retail Sales,1201.6,30,4
2005,Hebei,Retail Sales,2969.5,6,2
2005,Shanxi,Retail Sales,1410.7,14,3
2005,Inner Mongolia,Retail Sales,1358.1,1,1
2005,Liaoning,Retail Sales,3014.4,7,2
2005,Jilin,Retail Sales,1470.3,15,3
2005,Heilongjiang,Retail Sales,1773.8,16,3
2005,Shanghai,Retail Sales,2979.5,29,4
2005,Jiangsu,Retail Sales,5735.5,8,2
2005,Zhejiang,Retail Sales,4645.9,9,2
2005,Anhui,Retail Sales,1776.7,17,3
2005,Fujian,Retail Sales,2351.7,10,2
2005,Jiangxi,Retail Sales,1244.9,18,3
2005,Shandong,Retail Sales,6166.9,11,2
2005,Henan,Retail Sales,3380.9,19,3
2005,Hubei,Retail Sales,2985.9,20,3
2005,Hunan,Retail Sales,2474.3,21,3
2005,Guangdong,Retail Sales,7915.5,12,2
2005,Guangxi,Retail Sales,1405.5,2,1
2005,Hainan,Retail Sales,270.8,13,2
2005,Chongqing,Retail Sales,1227.8,31,4
2005,Sichuan,Retail Sales,3003.5,22,3
2005,Guizhou,Retail Sales,615.7,23,3
2005,Yunnan,Retail Sales,1041.3,24,3
2005,Tibet,Retail Sales,73.2,5,1
2005,Shaanxi,Retail Sales,1331.3,25,3
2005,Gansu,Retail Sales,638.1,26,3
2005,Qinghai,Retail Sales,161.6,27,3
2005,Ningxia,Retail Sales,175.8,3,1
2005,Xinjiang,Retail Sales,640.2,4,1
2006,Beijing,Gross Product,8117.78,28,4
2006,Tianjin,Gross Product,4462.74,30,4
2006,Hebei,Gross Product,11467.6,6,2
2006,Shanxi,Gross Product,4878.61,14,3
2006,Inner Mongolia,Gross Product,4944.25,1,1
2006,Liaoning,Gross Product,9304.52,7,2
2006,Jilin,Gross Product,4275.12,15,3
2006,Heilongjiang,Gross Product,6211.8,16,3
2006,Shanghai,Gross Product,10572.24,29,4
2006,Jiangsu,Gross Product,21742.05,8,2
2006,Zhejiang,Gross Product,15718.47,9,2
2006,Anhui,Gross Product,6112.5,17,3
2006,Fujian,Gross Product,7583.85,10,2
2006,Jiangxi,Gross Product,4820.53,18,3
2006,Shandong,Gross Product,21900.19,11,2
2006,Henan,Gross Product,12362.79,19,3
2006,Hubei,Gross Product,7617.47,20,3
2006,Hunan,Gross Product,7688.67,21,3
2006,Guangdong,Gross Product,26587.76,12,2
2006,Guangxi,Gross Product,4746.16,2,1
2006,Hainan,Gross Product,1065.67,13,2
2006,Chongqing,Gross Product,3907.23,31,4
2006,Sichuan,Gross Product,8690.24,22,3
2006,Guizhou,Gross Product,2338.98,23,3
2006,Yunnan,Gross Product,3988.14,24,3
2006,Tibet,Gross Product,290.76,5,1
2006,Shaanxi,Gross Product,4743.61,25,3
2006,Gansu,Gross Product,2277.35,26,3
2006,Qinghai,Gross Product,648.5,27,3
2006,Ningxia,Gross Product,725.9,3,1
2006,Xinjiang,Gross Product,3045.26,4,1
2006,Beijing,Retail Sales,3295.3,28,4
2006,Tianjin,Retail Sales,1383.1,30,4
2006,Hebei,Retail Sales,3435.7,6,2
2006,Shanxi,Retail Sales,1635.4,14,3
2006,Inner Mongolia,Retail Sales,1628.6,1,1
2006,Liaoning,Retail Sales,3471.6,7,2
2006,Jilin,Retail Sales,1697.6,15,3
2006,Heilongjiang,Retail Sales,2029,16,3
2006,Shanghai,Retail Sales,3375.2,29,4
2006,Jiangsu,Retail Sales,6706.2,8,2
2006,Zhejiang,Retail Sales,5358,9,2
2006,Anhui,Retail Sales,2056.5,17,3
2006,Fujian,Retail Sales,2717.6,10,2
2006,Jiangxi,Retail Sales,1448.2,18,3
2006,Shandong,Retail Sales,7217.1,11,2
2006,Henan,Retail Sales,3932.6,19,3
2006,Hubei,Retail Sales,3461.1,20,3
2006,Hunan,Retail Sales,2869.4,21,3
2006,Guangdong,Retail Sales,9194.3,12,2
2006,Guangxi,Retail Sales,1620.3,2,1
2006,Hainan,Retail Sales,313.4,13,2
2006,Chongqing,Retail Sales,1431.5,31,4
2006,Sichuan,Retail Sales,3472.5,22,3
2006,Guizhou,Retail Sales,710,23,3
2006,Yunnan,Retail Sales,1204.8,24,3
2006,Tibet,Retail Sales,90,5,1
2006,Shaanxi,Retail Sales,1542.4,25,3
2006,Gansu,Retail Sales,729.5,26,3
2006,Qinghai,Retail Sales,182.6,27,3
2006,Ningxia,Retail Sales,202.5,3,1
2006,Xinjiang,Retail Sales,733.2,4,1
2007,Beijing,Gross Product,9846.81,28,4
2007,Tianjin,Gross Product,5252.76,30,4
2007,Hebei,Gross Product,13607.32,6,2
2007,Shanxi,Gross Product,6024.45,14,3
2007,Inner Mongolia,Gross Product,6423.18,1,1
2007,Liaoning,Gross Product,11164.3,7,2
2007,Jilin,Gross Product,5284.69,15,3
2007,Heilongjiang,Gross Product,7104,16,3
2007,Shanghai,Gross Product,12494.01,29,4
2007,Jiangsu,Gross Product,26018.48,8,2
2007,Zhejiang,Gross Product,18753.73,9,2
2007,Anhui,Gross Product,7360.92,17,3
2007,Fujian,Gross Product,9248.53,10,2
2007,Jiangxi,Gross Product,5800.25,18,3
2007,Shandong,Gross Product,25776.91,11,2
2007,Henan,Gross Product,15012.46,19,3
2007,Hubei,Gross Product,9333.4,20,3
2007,Hunan,Gross Product,9439.6,21,3
2007,Guangdong,Gross Product,31777.01,12,2
2007,Guangxi,Gross Product,5823.41,2,1
2007,Hainan,Gross Product,1254.17,13,2
2007,Chongqing,Gross Product,4676.13,31,4
2007,Sichuan,Gross Product,10562.39,22,3
2007,Guizhou,Gross Product,2884.11,23,3
2007,Yunnan,Gross Product,4772.52,24,3
2007,Tibet,Gross Product,341.43,5,1
2007,Shaanxi,Gross Product,5757.29,25,3
2007,Gansu,Gross Product,2703.98,26,3
2007,Qinghai,Gross Product,797.35,27,3
2007,Ningxia,Gross Product,919.11,3,1
2007,Xinjiang,Gross Product,3523.16,4,1
2007,Beijing,Retail Sales,3835.2,28,4
2007,Tianjin,Retail Sales,1650.6,30,4
2007,Hebei,Retail Sales,4053.8,6,2
2007,Shanxi,Retail Sales,1953.3,14,3
2007,Inner Mongolia,Retail Sales,1964,1,1
2007,Liaoning,Retail Sales,4097.8,7,2
2007,Jilin,Retail Sales,2038.3,15,3
2007,Heilongjiang,Retail Sales,2386.2,16,3
2007,Shanghai,Retail Sales,3873.3,29,4
2007,Jiangsu,Retail Sales,7985.9,8,2
2007,Zhejiang,Retail Sales,6271.3,9,2
2007,Anhui,Retail Sales,2451.9,17,3
2007,Fujian,Retail Sales,3212.3,10,2
2007,Jiangxi,Retail Sales,1718.9,18,3
2007,Shandong,Retail Sales,8607.5,11,2
2007,Henan,Retail Sales,4690.3,19,3
2007,Hubei,Retail Sales,4115.8,20,3
2007,Hunan,Retail Sales,3419.2,21,3
2007,Guangdong,Retail Sales,10731.3,12,2
2007,Guangxi,Retail Sales,1932.7,2,1
2007,Hainan,Retail Sales,370.9,13,2
2007,Chongqing,Retail Sales,1711.1,31,4
2007,Sichuan,Retail Sales,4105.6,22,3
2007,Guizhou,Retail Sales,858.2,23,3
2007,Yunnan,Retail Sales,1422.5,24,3
2007,Tibet,Retail Sales,112.6,5,1
2007,Shaanxi,Retail Sales,1837.3,25,3
2007,Gansu,Retail Sales,854.4,26,3
2007,Qinghai,Retail Sales,212.6,27,3
2007,Ningxia,Retail Sales,239.5,3,1
2007,Xinjiang,Retail Sales,857.5,4,1
2008,Beijing,Gross Product,11115,28,4
2008,Tianjin,Gross Product,6719.01,30,4
2008,Hebei,Gross Product,16011.97,6,2
2008,Shanxi,Gross Product,7315.4,14,3
2008,Inner Mongolia,Gross Product,8496.2,1,1
2008,Liaoning,Gross Product,13668.58,7,2
2008,Jilin,Gross Product,6426.1,15,3
2008,Heilongjiang,Gross Product,8314.37,16,3
2008,Shanghai,Gross Product,14069.86,29,4
2008,Jiangsu,Gross Product,30981.98,8,2
2008,Zhejiang,Gross Product,21462.69,9,2
2008,Anhui,Gross Product,8851.66,17,3
2008,Fujian,Gross Product,10823.01,10,2
2008,Jiangxi,Gross Product,6971.05,18,3
2008,Shandong,Gross Product,30933.28,11,2
2008,Henan,Gross Product,18018.53,19,3
2008,Hubei,Gross Product,11328.92,20,3
2008,Hunan,Gross Product,11555,21,3
2008,Guangdong,Gross Product,36796.71,12,2
2008,Guangxi,Gross Product,7021,2,1
2008,Hainan,Gross Product,1503.06,13,2
2008,Chongqing,Gross Product,5793.66,31,4
2008,Sichuan,Gross Product,12601.23,22,3
2008,Guizhou,Gross Product,3561.56,23,3
2008,Yunnan,Gross Product,5692.12,24,3
2008,Tibet,Gross Product,394.85,5,1
2008,Shaanxi,Gross Product,7314.58,25,3
2008,Gansu,Gross Product,3166.82,26,3
2008,Qinghai,Gross Product,1018.62,27,3
2008,Ningxia,Gross Product,1203.92,3,1
2008,Xinjiang,Gross Product,4183.21,4,1
2008,Beijing,Retail Sales,4645.5,28,4
2008,Tianjin,Retail Sales,2078.7,30,4
2008,Hebei,Retail Sales,4991.1,6,2
2008,Shanxi,Retail Sales,2421.1,14,3
2008,Inner Mongolia,Retail Sales,2463,1,1
2008,Liaoning,Retail Sales,5032.4,7,2
2008,Jilin,Retail Sales,2549.2,15,3
2008,Heilongjiang,Retail Sales,2928.3,16,3
2008,Shanghai,Retail Sales,4577.2,29,4
2008,Jiangsu,Retail Sales,9905.1,8,2
2008,Zhejiang,Retail Sales,7533.3,9,2
2008,Anhui,Retail Sales,3045.2,17,3
2008,Fujian,Retail Sales,3866.7,10,2
2008,Jiangxi,Retail Sales,2142,18,3
2008,Shandong,Retail Sales,10658.8,11,2
2008,Henan,Retail Sales,5815.4,19,3
2008,Hubei,Retail Sales,5109.7,20,3
2008,Hunan,Retail Sales,4222.6,21,3
2008,Guangdong,Retail Sales,12986.6,12,2
2008,Guangxi,Retail Sales,2395.8,2,1
2008,Hainan,Retail Sales,463.2,13,2
2008,Chongqing,Retail Sales,2147.1,31,4
2008,Sichuan,Retail Sales,4944.8,22,3
2008,Guizhou,Retail Sales,1075.2,23,3
2008,Yunnan,Retail Sales,1764.7,24,3
2008,Tibet,Retail Sales,130,5,1
2008,Shaanxi,Retail Sales,2317.1,25,3
2008,Gansu,Retail Sales,1023.6,26,3
2008,Qinghai,Retail Sales,259.7,27,3
2008,Ningxia,Retail Sales,295.4,3,1
2008,Xinjiang,Retail Sales,1041.5,4,1
2009,Beijing,Gross Product,12153.03,28,4
2009,Tianjin,Gross Product,7521.85,30,4
2009,Hebei,Gross Product,17235.48,6,2
2009,Shanxi,Gross Product,7358.31,14,3
2009,Inner Mongolia,Gross Product,9740.25,1,1
2009,Liaoning,Gross Product,15212.49,7,2
2009,Jilin,Gross Product,7278.75,15,3
2009,Heilongjiang,Gross Product,8587,16,3
2009,Shanghai,Gross Product,15046.45,29,4
2009,Jiangsu,Gross Product,34457.3,8,2
2009,Zhejiang,Gross Product,22990.35,9,2
2009,Anhui,Gross Product,10062.82,17,3
2009,Fujian,Gross Product,12236.53,10,2
2009,Jiangxi,Gross Product,7655.18,18,3
2009,Shandong,Gross Product,33896.65,11,2
2009,Henan,Gross Product,19480.46,19,3
2009,Hubei,Gross Product,12961.1,20,3
2009,Hunan,Gross Product,13059.69,21,3
2009,Guangdong,Gross Product,39482.56,12,2
2009,Guangxi,Gross Product,7759.16,2,1
2009,Hainan,Gross Product,1654.21,13,2
2009,Chongqing,Gross Product,6530.01,31,4
2009,Sichuan,Gross Product,14151.28,22,3
2009,Guizhou,Gross Product,3912.68,23,3
2009,Yunnan,Gross Product,6169.75,24,3
2009,Tibet,Gross Product,441.36,5,1
2009,Shaanxi,Gross Product,8169.8,25,3
2009,Gansu,Gross Product,3387.56,26,3
2009,Qinghai,Gross Product,1081.27,27,3
2009,Ningxia,Gross Product,1353.31,3,1
2009,Xinjiang,Gross Product,4277.05,4,1
2009,Beijing,Retail Sales,5309.9,28,4
2009,Tianjin,Retail Sales,2430.8,30,4
2009,Hebei,Retail Sales,5764.9,6,2
2009,Shanxi,Retail Sales,2809,14,3
2009,Inner Mongolia,Retail Sales,2855.3,1,1
2009,Liaoning,Retail Sales,5812.6,7,2
2009,Jilin,Retail Sales,2957.3,15,3
2009,Heilongjiang,Retail Sales,3401.8,16,3
2009,Shanghai,Retail Sales,5173.2,29,4
2009,Jiangsu,Retail Sales,11484.1,8,2
2009,Zhejiang,Retail Sales,8622.3,9,2
2009,Anhui,Retail Sales,3527.8,17,3
2009,Fujian,Retail Sales,4481,10,2
2009,Jiangxi,Retail Sales,2484.4,18,3
2009,Shandong,Retail Sales,12363,11,2
2009,Henan,Retail Sales,6746.4,19,3
2009,Hubei,Retail Sales,5928.4,20,3
2009,Hunan,Retail Sales,4913.7,21,3
2009,Guangdong,Retail Sales,14891.8,12,2
2009,Guangxi,Retail Sales,2790.7,2,1
2009,Hainan,Retail Sales,537.5,13,2
2009,Chongqing,Retail Sales,2479,31,4
2009,Sichuan,Retail Sales,5758.7,22,3
2009,Guizhou,Retail Sales,1247.3,23,3
2009,Yunnan,Retail Sales,2051.1,24,3
2009,Tibet,Retail Sales,156.6,5,1
2009,Shaanxi,Retail Sales,2699.7,25,3
2009,Gansu,Retail Sales,1183,26,3
2009,Qinghai,Retail Sales,300.5,27,3
2009,Ningxia,Retail Sales,339.3,3,1
2009,Xinjiang,Retail Sales,1177.5,4,1
2010,Beijing,Gross Product,14113.58,28,4
2010,Tianjin,Gross Product,9224.46,30,4
2010,Hebei,Gross Product,20394.26,6,2
2010,Shanxi,Gross Product,9200.86,14,3
2010,Inner Mongolia,Gross Product,11672,1,1
2010,Liaoning,Gross Product,18457.27,7,2
2010,Jilin,Gross Product,8667.58,15,3
2010,Heilongjiang,Gross Product,10368.6,16,3
2010,Shanghai,Gross Product,17165.98,29,4
2010,Jiangsu,Gross Product,41425.48,8,2
2010,Zhejiang,Gross Product,27722.31,9,2
2010,Anhui,Gross Product,12359.33,17,3
2010,Fujian,Gross Product,14737.12,10,2
2010,Jiangxi,Gross Product,9451.26,18,3
2010,Shandong,Gross Product,39169.92,11,2
2010,Henan,Gross Product,23092.36,19,3
2010,Hubei,Gross Product,15967.61,20,3
2010,Hunan,Gross Product,16037.96,21,3
2010,Guangdong,Gross Product,46013.06,12,2
2010,Guangxi,Gross Product,9569.85,2,1
2010,Hainan,Gross Product,2064.5,13,2
2010,Chongqing,Gross Product,7925.58,31,4
2010,Sichuan,Gross Product,17185.48,22,3
2010,Guizhou,Gross Product,4602.16,23,3
2010,Yunnan,Gross Product,7224.18,24,3
2010,Tibet,Gross Product,507.46,5,1
2010,Shaanxi,Gross Product,10123.48,25,3
2010,Gansu,Gross Product,4120.75,26,3
2010,Qinghai,Gross Product,1350.43,27,3
2010,Ningxia,Gross Product,1689.65,3,1
2010,Xinjiang,Gross Product,5437.47,4,1
2010,Beijing,Retail Sales,6340.3,28,4
2010,Tianjin,Retail Sales,2860.2,30,4
2010,Hebei,Retail Sales,6821.8,6,2
2010,Shanxi,Retail Sales,3318.2,14,3
2010,Inner Mongolia,Retail Sales,3384,1,1
2010,Liaoning,Retail Sales,6887.6,7,2
2010,Jilin,Retail Sales,3504.9,15,3
2010,Heilongjiang,Retail Sales,4039.2,16,3
2010,Shanghai,Retail Sales,6186.6,29,4
2010,Jiangsu,Retail Sales,13606.3,8,2
2010,Zhejiang,Retail Sales,10387,9,2
2010,Anhui,Retail Sales,4300.5,17,3
2010,Fujian,Retail Sales,5310,10,2
2010,Jiangxi,Retail Sales,2971,18,3
2010,Shandong,Retail Sales,14620.3,11,2
2010,Henan,Retail Sales,8004.2,19,3
2010,Hubei,Retail Sales,7014.4,20,3
2010,Hunan,Retail Sales,5952.6,21,3
2010,Guangdong,Retail Sales,17458.4,12,2
2010,Guangxi,Retail Sales,3312,2,1
2010,Hainan,Retail Sales,663.8,13,2
2010,Chongqing,Retail Sales,3051.1,31,4
2010,Sichuan,Retail Sales,6884.8,22,3
2010,Guizhou,Retail Sales,1531.6,23,3
2010,Yunnan,Retail Sales,2555.8,24,3
2010,Tibet,Retail Sales,192.4,5,1
2010,Shaanxi,Retail Sales,3257.5,25,3
2010,Gansu,Retail Sales,1435.5,26,3
2010,Qinghai,Retail Sales,351,27,3
2010,Ningxia,Retail Sales,418.5,3,1
2010,Xinjiang,Retail Sales,1386.1,4,1
2011,Beijing,Gross Product,16251.93,28,4
2011,Tianjin,Gross Product,11307.28,30,4
2011,Hebei,Gross Product,24515.76,6,2
2011,Shanxi,Gross Product,11237.55,14,3
2011,Inner Mongolia,Gross Product,14359.88,1,1
2011,Liaoning,Gross Product,22226.7,7,2
2011,Jilin,Gross Product,10568.83,15,3
2011,Heilongjiang,Gross Product,12582,16,3
2011,Shanghai,Gross Product,19195.69,29,4
2011,Jiangsu,Gross Product,49110.27,8,2
2011,Zhejiang,Gross Product,32318.85,9,2
2011,Anhui,Gross Product,15300.65,17,3
2011,Fujian,Gross Product,17560.18,10,2
2011,Jiangxi,Gross Product,11702.82,18,3
2011,Shandong,Gross Product,45361.85,11,2
2011,Henan,Gross Product,26931.03,19,3
2011,Hubei,Gross Product,19632.26,20,3
2011,Hunan,Gross Product,19669.56,21,3
2011,Guangdong,Gross Product,53210.28,12,2
2011,Guangxi,Gross Product,11720.87,2,1
2011,Hainan,Gross Product,2522.66,13,2
2011,Chongqing,Gross Product,10011.37,31,4
2011,Sichuan,Gross Product,21026.68,22,3
2011,Guizhou,Gross Product,5701.84,23,3
2011,Yunnan,Gross Product,8893.12,24,3
2011,Tibet,Gross Product,605.83,5,1
2011,Shaanxi,Gross Product,12512.3,25,3
2011,Gansu,Gross Product,5020.37,26,3
2011,Qinghai,Gross Product,1670.44,27,3
2011,Ningxia,Gross Product,2102.21,3,1
2011,Xinjiang,Gross Product,6610.05,4,1
2011,Beijing,Retail Sales,7222.2,28,4
2011,Tianjin,Retail Sales,3395.1,30,4
2011,Hebei,Retail Sales,8035.5,6,2
2011,Shanxi,Retail Sales,3903.4,14,3
2011,Inner Mongolia,Retail Sales,3991.7,1,1
2011,Liaoning,Retail Sales,8095.3,7,2
2011,Jilin,Retail Sales,4119.8,15,3
2011,Heilongjiang,Retail Sales,4750.1,16,3
2011,Shanghai,Retail Sales,7185.8,29,4
2011,Jiangsu,Retail Sales,16058.3,8,2
2011,Zhejiang,Retail Sales,12532.8,9,2
2011,Anhui,Retail Sales,5288.2,17,3
2011,Fujian,Retail Sales,6276.2,10,2
2011,Jiangxi,Retail Sales,3560.5,18,3
2011,Shandong,Retail Sales,17155.5,11,2
2011,Henan,Retail Sales,9453.6,19,3
2011,Hubei,Retail Sales,8363.3,20,3
2011,Hunan,Retail Sales,7209,21,3
2011,Guangdong,Retail Sales,20297.5,12,2
2011,Guangxi,Retail Sales,3908.2,2,1
2011,Hainan,Retail Sales,822.5,13,2
2011,Chongqing,Retail Sales,3782.3,31,4
2011,Sichuan,Retail Sales,8290.8,22,3
2011,Guizhou,Retail Sales,1899.9,23,3
2011,Yunnan,Retail Sales,3105.9,24,3
2011,Tibet,Retail Sales,237.5,5,1
2011,Shaanxi,Retail Sales,3900.6,25,3
2011,Gansu,Retail Sales,1772.9,26,3
2011,Qinghai,Retail Sales,413.4,27,3
2011,Ningxia,Retail Sales,515.5,3,1
2011,Xinjiang,Retail Sales,1662.4,4,1
2012,Beijing,Gross Product,17879.4,28,4
2012,Tianjin,Gross Product,12893.88,30,4
2012,Hebei,Gross Product,26575.01,6,2
2012,Shanxi,Gross Product,12112.83,14,3
2012,Inner Mongolia,Gross Product,15880.58,1,1
2012,Liaoning,Gross Product,24846.43,7,2
2012,Jilin,Gross Product,11939.24,15,3
2012,Heilongjiang,Gross Product,13691.58,16,3
2012,Shanghai,Gross Product,20181.72,29,4
2012,Jiangsu,Gross Product,54058.22,8,2
2012,Zhejiang,Gross Product,34665.33,9,2
2012,Anhui,Gross Product,17212.05,17,3
2012,Fujian,Gross Product,19701.78,10,2
2012,Jiangxi,Gross Product,12948.88,18,3
2012,Shandong,Gross Product,50013.24,11,2
2012,Henan,Gross Product,29599.31,19,3
2012,Hubei,Gross Product,22250.45,20,3
2012,Hunan,Gross Product,22154.23,21,3
2012,Guangdong,Gross Product,57067.92,12,2
2012,Guangxi,Gross Product,13035.1,2,1
2012,Hainan,Gross Product,2855.54,13,2
2012,Chongqing,Gross Product,11409.6,31,4
2012,Sichuan,Gross Product,23872.8,22,3
2012,Guizhou,Gross Product,6852.2,23,3
2012,Yunnan,Gross Product,10309.47,24,3
2012,Tibet,Gross Product,701.03,5,1
2012,Shaanxi,Gross Product,14453.68,25,3
2012,Gansu,Gross Product,5650.2,26,3
2012,Qinghai,Gross Product,1893.54,27,3
2012,Ningxia,Gross Product,2341.29,3,1
2012,Xinjiang,Gross Product,7505.31,4,1
2012,Beijing,Retail Sales,8123.5,28,4
2012,Tianjin,Retail Sales,3921.4,30,4
2012,Hebei,Retail Sales,9254,6,2
2012,Shanxi,Retail Sales,4506.8,14,3
2012,Inner Mongolia,Retail Sales,4572.5,1,1
2012,Liaoning,Retail Sales,9304.2,7,2
2012,Jilin,Retail Sales,4772.9,15,3
2012,Heilongjiang,Retail Sales,5491,16,3
2012,Shanghai,Retail Sales,7840.4,29,4
2012,Jiangsu,Retail Sales,18411.1,8,2
2012,Zhejiang,Retail Sales,14199.6,9,2
2012,Anhui,Retail Sales,6142.8,17,3
2012,Fujian,Retail Sales,7256.5,10,2
2012,Jiangxi,Retail Sales,4123.3,18,3
2012,Shandong,Retail Sales,19651.9,11,2
2012,Henan,Retail Sales,10915.6,19,3
2012,Hubei,Retail Sales,9682.4,20,3
2012,Hunan,Retail Sales,8318.7,21,3
2012,Guangdong,Retail Sales,22677.1,12,2
2012,Guangxi,Retail Sales,4516.6,2,1
2012,Hainan,Retail Sales,950.2,13,2
2012,Chongqing,Retail Sales,4403,31,4
2012,Sichuan,Retail Sales,9622,22,3
2012,Guizhou,Retail Sales,2266.3,23,3
2012,Yunnan,Retail Sales,3597.9,24,3
2012,Tibet,Retail Sales,277.9,5,1
2012,Shaanxi,Retail Sales,4581.6,25,3
2012,Gansu,Retail Sales,2064.4,26,3
2012,Qinghai,Retail Sales,480.3,27,3
2012,Ningxia,Retail Sales,590.5,3,1
2012,Xinjiang,Retail Sales,1916.1,4,1
2013,Beijing,Gross Product,19800.81,28,4
2013,Tianjin,Gross Product,14442.01,30,4
2013,Hebei,Gross Product,28442.95,6,2
2013,Shanxi,Gross Product,12665.25,14,3
2013,Inner Mongolia,Gross Product,16916.5,1,1
2013,Liaoning,Gross Product,27213.22,7,2
2013,Jilin,Gross Product,13046.4,15,3
2013,Heilongjiang,Gross Product,14454.91,16,3
2013,Shanghai,Gross Product,21818.15,29,4
2013,Jiangsu,Gross Product,59753.37,8,2
2013,Zhejiang,Gross Product,37756.59,9,2
2013,Anhui,Gross Product,19229.34,17,3
2013,Fujian,Gross Product,21868.49,10,2
2013,Jiangxi,Gross Product,14410.19,18,3
2013,Shandong,Gross Product,55230.32,11,2
2013,Henan,Gross Product,32191.3,19,3
2013,Hubei,Gross Product,24791.83,20,3
2013,Hunan,Gross Product,24621.67,21,3
2013,Guangdong,Gross Product,62474.79,12,2
2013,Guangxi,Gross Product,14449.9,2,1
2013,Hainan,Gross Product,3177.56,13,2
2013,Chongqing,Gross Product,12783.26,31,4
2013,Sichuan,Gross Product,26392.07,22,3
2013,Guizhou,Gross Product,8086.86,23,3
2013,Yunnan,Gross Product,11832.31,24,3
2013,Tibet,Gross Product,815.67,5,1
2013,Shaanxi,Gross Product,16205.45,25,3
2013,Gansu,Gross Product,6330.69,26,3
2013,Qinghai,Gross Product,2122.06,27,3
2013,Ningxia,Gross Product,2577.57,3,1
2013,Xinjiang,Gross Product,8443.84,4,1
2013,Beijing,Retail Sales,8872.1,28,4
2013,Tianjin,Retail Sales,4470.4,30,4
2013,Hebei,Retail Sales,10516.7,6,2
2013,Shanxi,Retail Sales,5139.3,14,3
2013,Inner Mongolia,Retail Sales,5114.2,1,1
2013,Liaoning,Retail Sales,10581.4,7,2
2013,Jilin,Retail Sales,5426.4,15,3
2013,Heilongjiang,Retail Sales,6251.2,16,3
2013,Shanghai,Retail Sales,8557,29,4
2013,Jiangsu,Retail Sales,20878.2,8,2
2013,Zhejiang,Retail Sales,15970.8,9,2
2013,Anhui,Retail Sales,7044.7,17,3
2013,Fujian,Retail Sales,8275.3,10,2
2013,Jiangxi,Retail Sales,4696.1,18,3
2013,Shandong,Retail Sales,22294.8,11,2
2013,Henan,Retail Sales,12426.6,19,3
2013,Hubei,Retail Sales,11035.9,20,3
2013,Hunan,Retail Sales,9509.5,21,3
2013,Guangdong,Retail Sales,25453.9,12,2
2013,Guangxi,Retail Sales,5133.1,2,1
2013,Hainan,Retail Sales,1090.9,13,2
2013,Chongqing,Retail Sales,5055.8,31,4
2013,Sichuan,Retail Sales,11001,22,3
2013,Guizhou,Retail Sales,2601.2,23,3
2013,Yunnan,Retail Sales,4112.6,24,3
2013,Tibet,Retail Sales,322.2,5,1
2013,Shaanxi,Retail Sales,5245,25,3
2013,Gansu,Retail Sales,2368.8,26,3
2013,Qinghai,Retail Sales,549.6,27,3
2013,Ningxia,Retail Sales,668.5,3,1
2013,Xinjiang,Retail Sales,2179.5,4,1
2014,Beijing,Gross Product,21330.83,28,4
2014,Tianjin,Gross Product,15726.93,30,4
2014,Hebei,Gross Product,29421.15,6,2
2014,Shanxi,Gross Product,12761.49,14,3
2014,Inner Mongolia,Gross Product,17770.19,1,1
2014,Liaoning,Gross Product,28626.58,7,2
2014,Jilin,Gross Product,13803.14,15,3
2014,Heilongjiang,Gross Product,15039.38,16,3
2014,Shanghai,Gross Product,23567.7,29,4
2014,Jiangsu,Gross Product,65088.32,8,2
2014,Zhejiang,Gross Product,40173.03,9,2
2014,Anhui,Gross Product,20848.75,17,3
2014,Fujian,Gross Product,24055.76,10,2
2014,Jiangxi,Gross Product,15714.63,18,3
2014,Shandong,Gross Product,59426.59,11,2
2014,Henan,Gross Product,34938.24,19,3
2014,Hubei,Gross Product,27379.22,20,3
2014,Hunan,Gross Product,27037.32,21,3
2014,Guangdong,Gross Product,67809.85,12,2
2014,Guangxi,Gross Product,15672.89,2,1
2014,Hainan,Gross Product,3500.72,13,2
2014,Chongqing,Gross Product,14262.6,31,4
2014,Sichuan,Gross Product,28536.66,22,3
2014,Guizhou,Gross Product,9266.39,23,3
2014,Yunnan,Gross Product,12814.59,24,3
2014,Tibet,Gross Product,920.83,5,1
2014,Shaanxi,Gross Product,17689.94,25,3
2014,Gansu,Gross Product,6836.82,26,3
2014,Qinghai,Gross Product,2303.32,27,3
2014,Ningxia,Gross Product,2752.1,3,1
2014,Xinjiang,Gross Product,9273.46,4,1
2014,Beijing,Retail Sales,9638,28,4
2014,Tianjin,Retail Sales,4738.7,30,4
2014,Hebei,Retail Sales,11820.5,6,2
2014,Shanxi,Retail Sales,5717.9,14,3
2014,Inner Mongolia,Retail Sales,5657.6,1,1
2014,Liaoning,Retail Sales,11857,7,2
2014,Jilin,Retail Sales,6080.9,15,3
2014,Heilongjiang,Retail Sales,7015.3,16,3
2014,Shanghai,Retail Sales,9303.5,29,4
2014,Jiangsu,Retail Sales,23458.1,8,2
2014,Zhejiang,Retail Sales,17835.3,9,2
2014,Anhui,Retail Sales,7957,17,3
2014,Fujian,Retail Sales,9346.7,10,2
2014,Jiangxi,Retail Sales,5292.6,18,3
2014,Shandong,Retail Sales,25111.5,11,2
2014,Henan,Retail Sales,14005,19,3
2014,Hubei,Retail Sales,12449.3,20,3
2014,Hunan,Retail Sales,10723.5,21,3
2014,Guangdong,Retail Sales,28471.1,12,2
2014,Guangxi,Retail Sales,5772.8,2,1
2014,Hainan,Retail Sales,1224.5,13,2
2014,Chongqing,Retail Sales,5710.7,31,4
2014,Sichuan,Retail Sales,12393,22,3
2014,Guizhou,Retail Sales,2936.9,23,3
2014,Yunnan,Retail Sales,4632.9,24,3
2014,Tibet,Retail Sales,364.5,5,1
2014,Shaanxi,Retail Sales,5918.7,25,3
2014,Gansu,Retail Sales,2668.3,26,3
2014,Qinghai,Retail Sales,620.8,27,3
2014,Ningxia,Retail Sales,737.2,3,1
2014,Xinjiang,Retail Sales,2436.5,4,1
2015,Beijing,Gross Product,23014.59,28,4
2015,Tianjin,Gross Product,16538.19,30,4
2015,Hebei,Gross Product,29806.11,6,2
2015,Shanxi,Gross Product,12766.49,14,3
2015,Inner Mongolia,Gross Product,17831.51,1,1
2015,Liaoning,Gross Product,28669.02,7,2
2015,Jilin,Gross Product,14063.13,15,3
2015,Heilongjiang,Gross Product,15083.67,16,3
2015,Shanghai,Gross Product,25123.45,29,4
2015,Jiangsu,Gross Product,70116.38,8,2
2015,Zhejiang,Gross Product,42886.49,9,2
2015,Anhui,Gross Product,22005.63,17,3
2015,Fujian,Gross Product,25979.82,10,2
2015,Jiangxi,Gross Product,16723.78,18,3
2015,Shandong,Gross Product,63002.33,11,2
2015,Henan,Gross Product,37002.16,19,3
2015,Hubei,Gross Product,29550.19,20,3
2015,Hunan,Gross Product,28902.21,21,3
2015,Guangdong,Gross Product,72812.55,12,2
2015,Guangxi,Gross Product,16803.12,2,1
2015,Hainan,Gross Product,3702.76,13,2
2015,Chongqing,Gross Product,15717.27,31,4
2015,Sichuan,Gross Product,30053.1,22,3
2015,Guizhou,Gross Product,10502.56,23,3
2015,Yunnan,Gross Product,13619.17,24,3
2015,Tibet,Gross Product,1026.39,5,1
2015,Shaanxi,Gross Product,18021.86,25,3
2015,Gansu,Gross Product,6790.32,26,3
2015,Qinghai,Gross Product,2417.05,27,3
2015,Ningxia,Gross Product,2911.77,3,1
2015,Xinjiang,Gross Product,9324.8,4,1
2015,Beijing,Retail Sales,10338,28,4
2015,Tianjin,Retail Sales,5257.3,30,4
2015,Hebei,Retail Sales,12990.7,6,2
2015,Shanxi,Retail Sales,6033.7,14,3
2015,Inner Mongolia,Retail Sales,6107.7,1,1
2015,Liaoning,Retail Sales,12787.2,7,2
2015,Jilin,Retail Sales,6651.9,15,3
2015,Heilongjiang,Retail Sales,7640.2,16,3
2015,Shanghai,Retail Sales,10131.5,29,4
2015,Jiangsu,Retail Sales,25876.8,8,2
2015,Zhejiang,Retail Sales,19784.7,9,2
2015,Anhui,Retail Sales,8908,17,3
2015,Fujian,Retail Sales,10505.9,10,2
2015,Jiangxi,Retail Sales,5925.5,18,3
2015,Shandong,Retail Sales,27761.4,11,2
2015,Henan,Retail Sales,15740.4,19,3
2015,Hubei,Retail Sales,14003.2,20,3
2015,Hunan,Retail Sales,12024,21,3
2015,Guangdong,Retail Sales,31517.6,12,2
2015,Guangxi,Retail Sales,6348.1,2,1
2015,Hainan,Retail Sales,1325.1,13,2
2015,Chongqing,Retail Sales,6424,31,4
2015,Sichuan,Retail Sales,13877.7,22,3
2015,Guizhou,Retail Sales,3283,23,3
2015,Yunnan,Retail Sales,5103.2,24,3
2015,Tibet,Retail Sales,408.5,5,1
2015,Shaanxi,Retail Sales,6578.1,25,3
2015,Gansu,Retail Sales,2907.2,26,3
2015,Qinghai,Retail Sales,691,27,3
2015,Ningxia,Retail Sales,789.6,3,1
2015,Xinjiang,Retail Sales,2606,4,1
2016,Beijing,Gross Product,25669.13,28,4
2016,Tianjin,Gross Product,17885.39,30,4
2016,Hebei,Gross Product,32070.45,6,2
2016,Shanxi,Gross Product,13050.41,14,3
2016,Inner Mongolia,Gross Product,18128.1,1,1
2016,Liaoning,Gross Product,22246.9,7,2
2016,Jilin,Gross Product,14776.8,15,3
2016,Heilongjiang,Gross Product,15386.09,16,3
2016,Shanghai,Gross Product,28178.65,29,4
2016,Jiangsu,Gross Product,77388.28,8,2
2016,Zhejiang,Gross Product,47251.36,9,2
2016,Anhui,Gross Product,24407.62,17,3
2016,Fujian,Gross Product,28810.58,10,2
2016,Jiangxi,Gross Product,18499,18,3
2016,Shandong,Gross Product,68024.49,11,2
2016,Henan,Gross Product,40471.79,19,3
2016,Hubei,Gross Product,32665.38,20,3
2016,Hunan,Gross Product,31551.37,21,3
2016,Guangdong,Gross Product,80854.91,12,2
2016,Guangxi,Gross Product,18317.64,2,1
2016,Hainan,Gross Product,4053.2,13,2
2016,Chongqing,Gross Product,17740.59,31,4
2016,Sichuan,Gross Product,32934.54,22,3
2016,Guizhou,Gross Product,11776.73,23,3
2016,Yunnan,Gross Product,14788.42,24,3
2016,Tibet,Gross Product,1151.41,5,1
2016,Shaanxi,Gross Product,19399.59,25,3
2016,Gansu,Gross Product,7200.37,26,3
2016,Qinghai,Gross Product,2572.49,27,3
2016,Ningxia,Gross Product,3168.59,3,1
2016,Xinjiang,Gross Product,9649.7,4,1
2016,Beijing,Retail Sales,11005.1,28,4
2016,Tianjin,Retail Sales,5635.8,30,4
2016,Hebei,Retail Sales,14364.7,6,2
2016,Shanxi,Retail Sales,6480.5,14,3
2016,Inner Mongolia,Retail Sales,6700.8,1,1
2016,Liaoning,Retail Sales,13414.1,7,2
2016,Jilin,Retail Sales,7310.4,15,3
2016,Heilongjiang,Retail Sales,8402.5,16,3
2016,Shanghai,Retail Sales,10946.6,29,4
2016,Jiangsu,Retail Sales,28707.1,8,2
2016,Zhejiang,Retail Sales,21970.8,9,2
2016,Anhui,Retail Sales,10000.2,17,3
2016,Fujian,Retail Sales,11674.5,10,2
2016,Jiangxi,Retail Sales,6634.6,18,3
2016,Shandong,Retail Sales,30645.8,11,2
2016,Henan,Retail Sales,17618.4,19,3
2016,Hubei,Retail Sales,15649.2,20,3
2016,Hunan,Retail Sales,13436.5,21,3
2016,Guangdong,Retail Sales,34739.1,12,2
2016,Guangxi,Retail Sales,7027.3,2,1
2016,Hainan,Retail Sales,1453.7,13,2
2016,Chongqing,Retail Sales,7271.4,31,4
2016,Sichuan,Retail Sales,15601.9,22,3
2016,Guizhou,Retail Sales,3709,23,3
2016,Yunnan,Retail Sales,5722.9,24,3
2016,Tibet,Retail Sales,459.4,5,1
2016,Shaanxi,Retail Sales,7367.6,25,3
2016,Gansu,Retail Sales,3184.4,26,3
2016,Qinghai,Retail Sales,767.3,27,3
2016,Ningxia,Retail Sales,850.1,3,1
2016,Xinjiang,Retail Sales,2825.9,4,1
2017,Beijing,Gross Product,28014.94,28,4
2017,Tianjin,Gross Product,18549.19,30,4
2017,Hebei,Gross Product,34016.32,6,2
2017,Shanxi,Gross Product,15528.42,14,3
2017,Inner Mongolia,Gross Product,16096.21,1,1
2017,Liaoning,Gross Product,23409.24,7,2
2017,Jilin,Gross Product,14944.53,15,3
2017,Heilongjiang,Gross Product,15902.68,16,3
2017,Shanghai,Gross Product,30632.99,29,4
2017,Jiangsu,Gross Product,85869.76,8,2
2017,Zhejiang,Gross Product,51768.26,9,2
2017,Anhui,Gross Product,27018,17,3
2017,Fujian,Gross Product,32182.09,10,2
2017,Jiangxi,Gross Product,20006.31,18,3
2017,Shandong,Gross Product,72634.15,11,2
2017,Henan,Gross Product,44552.83,19,3
2017,Hubei,Gross Product,35478.09,20,3
2017,Hunan,Gross Product,33902.96,21,3
2017,Guangdong,Gross Product,89705.23,12,2
2017,Guangxi,Gross Product,18523.26,2,1
2017,Hainan,Gross Product,4462.54,13,2
2017,Chongqing,Gross Product,19424.73,31,4
2017,Sichuan,Gross Product,36980.22,22,3
2017,Guizhou,Gross Product,13540.83,23,3
2017,Yunnan,Gross Product,16376.34,24,3
2017,Tibet,Gross Product,1310.92,5,1
2017,Shaanxi,Gross Product,21898.81,25,3
2017,Gansu,Gross Product,7459.9,26,3
2017,Qinghai,Gross Product,2624.83,27,3
2017,Ningxia,Gross Product,3443.56,3,1
2017,Xinjiang,Gross Product,10881.96,4,1
2017,Beijing,Retail Sales,11575.4,28,4
2017,Tianjin,Retail Sales,5729.7,30,4
2017,Hebei,Retail Sales,15907.6,6,2
2017,Shanxi,Retail Sales,6918.1,14,3
2017,Inner Mongolia,Retail Sales,7160.2,1,1
2017,Liaoning,Retail Sales,13807.2,7,2
2017,Jilin,Retail Sales,7855.8,15,3
2017,Heilongjiang,Retail Sales,9099.2,16,3
2017,Shanghai,Retail Sales,11830.3,29,4
2017,Jiangsu,Retail Sales,31737.4,8,2
2017,Zhejiang,Retail Sales,24308.5,9,2
2017,Anhui,Retail Sales,11192.6,17,3
2017,Fujian,Retail Sales,13013,10,2
2017,Jiangxi,Retail Sales,7448.1,18,3
2017,Shandong,Retail Sales,33649,11,2
2017,Henan,Retail Sales,19666.8,19,3
2017,Hubei,Retail Sales,17394.1,20,3
2017,Hunan,Retail Sales,14854.9,21,3
2017,Guangdong,Retail Sales,38200.1,12,2
2017,Guangxi,Retail Sales,7813,2,1
2017,Hainan,Retail Sales,1618.8,13,2
2017,Chongqing,Retail Sales,8067.7,31,4
2017,Sichuan,Retail Sales,17480.5,22,3
2017,Guizhou,Retail Sales,4154,23,3
2017,Yunnan,Retail Sales,6423.1,24,3
2017,Tibet,Retail Sales,523.3,5,1
2017,Shaanxi,Retail Sales,8236.4,25,3
2017,Gansu,Retail Sales,3426.6,26,3
2017,Qinghai,Retail Sales,839,27,3
2017,Ningxia,Retail Sales,930.4,3,1
2017,Xinjiang,Retail Sales,3044.6,4,1